form	count	curated
aaron	322	
joseph	186	
abraham	182	
ephraim	180	
sion	180	
benjamin	163	
moab	154	
philisthiim	147	
joab	142	
galaad	130	
jordanem	128	
jonathas	122	
isaac	115	
nabuchodonosor	110	
samuel	109	
ammon	105	
jeroboam	99	
achab	87	
esau	83	
josaphat	83	
simon	81	
ruben	74	
ezechias	72	
gad	72	
hebron	70	
dan	69	
jeremiam	68	
jericho	67	
bethel	67	
joas	62	
philisthinorum	61	
jonathan	59	
job	59	
elias	58	
jehu	55	
sadoc	55	
tobias	52	
abimelech	52	
nephthali	51	
madian	50	
jordanis	49	
joram	49	
gabaa	48	
bethlehem	48	
jerosolymis	47	
roboam	46	
zabulon	46	
asaph	46	
jerosolymam	45	
simeon	45	
joakim	45	
eleazar	44	
aman	44	
nathan	43	
balaam	43	
caleb	41	
issachar	40	
caath	40	
assur	40	
hesebon	39	
achaz	39	
seir	39	
eliseus	38	
geth	35	
gabaon	35	
sinai	34	
lot	33	
gedeon	32	
antiochus	32	
mardochæus	32	
johanan	32	
josiæ	32	
sehon	31	
rachel	31	
jonathæ	30	
amorrhæi	30	
ezechiæ	30	
sara	30	
azarias	30	
abiathar	30	
laban	30	
bersabee	30	
samson	29	
jezrahel	29	
judith	29	
ramoth	29	
balac	29	
jeremiæ	28	
ismahel	28	
baasa	27	
jojada	27	
phinees	27	
demetrius	27	
saphan	27	
jabes	26	
eliam	26	
zorobabel	26	
booz	25	
sarviæ	25	
jojadæ	25	
benadad	25	
philisthæos	24	
arnon	24	
baalim	24	
ælam	24	
joachaz	24	
amorrhæorum	24	
simonis	24	
machabæus	24	
machir	22	
idumæa	22	
jezabel	22	
maacha	22	
og	22	
ezechiam	22	
thamar	22	
maspha	22	
adarezer	21	
jordane	21	
masphath	21	
ithamar	21	
zacharias	21	
nabal	21	
samuelem	21	
heber	21	
ozias	21	
banaias	21	
naboth	21	
holofernis	20	
nathanaël	20	
achitophel	20	
nadab	20	
timotheus	20	
helciæ	20	
raguel	20	
euphraten	20	
godoliam	19	
sennacherib	19	
hazaël	19	
cariathiarim	19	
galgala	19	
nathaniæ	19	
eliab	19	
sem	19	yes
elcana	19	
nachor	19	
joatham	19	
obededom	19	
zachariæ	19	
joël	18	
baltassar	18	
cain	18	yes
tharsis	18	
jephte	18	
abigail	17	
eliezer	17	
joppen	17	
michol	17	
rama	17	
isaiam	17	
aminadab	17	
idithun	17	
holofernes	17	
amorrhæum	17	
susan	17	
henoch	17	yes
bel	17	
cham	16	yes
eliasib	16	
simoni	16	
jerimoth	16	
josias	16	
achitob	16	
anathoth	16	
jacobum	16	
oziel	16	
azariæ	16	
mathathias	16	
jephone	16	
capharnaum	16	
amon	16	
achimelech	16	
ochozias	16	
jehiel	15	
jerobaal	15	
misach	15	
sarai	15	
ramatha	15	
achimaas	15	
lysias	15	
sidrach	15	
nabuzardan	15	
adonias	15	
sedeciæ	15	
abdenago	15	
jonadab	15	
miphiboseth	15	
jebusæum	15	
naaman	15	
elisama	15	
ptolemæus	15	
eliæ	15	
ela	15	
jebusæi	15	
siceleg	15	
michaël	15	
zachariam	14	
ephron	14	
raphaim	14	
antiochum	14	
dagon	14	
eliphaz	14	
tryphon	14	
jair	14	
astaroth	14	
hethæum	14	
sodomorum	14	
antiochi	14	
josedec	14	
asaël	14	
abel	14	yes
salathiel	14	
hesron	14	
hermon	14	
rechab	13	
amram	13	
gog	13	
barnabas	13	
eglon	13	
rebecca	13	
darii	13	
remmon	13	
jonatha	13	
ismaël	13	
hanan	13	
bethoron	13	
romeliæ	13	
timotheum	13	
moholi	13	
isboseth	13	
hethæi	13	
barac	13	
saram	13	
helcias	13	
belial	13	
tobiam	13	
mesopotamia	13	
pharan	12	
haran	12	
bethsan	12	
giezi	12	
sodoma	12	
athalia	12	
bethsabee	12	
gersom	12	
jether	12	
sur	12	
sobal	12	
rohob	12	
abinadab	12	
moloch	12	
eliseum	12	
zara	12	
azariam	12	
zechri	12	
arphaxad	12	
ruth	12	
philisthæus	12	
ochoziæ	12	
abiu	12	
jahiel	12	
gazer	12	
thare	12	
tobiæ	12	
eliacim	12	
berzellai	12	
jacobus	11	
galgalis	11	
mambre	11	
jazer	11	
michæas	11	
her	11	
dabir	11	
chusai	11	
eleazari	11	
joachin	11	
phacee	11	
nathinæi	11	
japheth	11	yes
cenez	11	
beelzebub	11	
nehemias	11	
mardochæum	11	
zebee	11	
cedron	11	
dibon	11	
rasin	11	
oziæ	11	
cadesbarne	11	
mageddo	11	
philisthæum	11	
lamech	11	yes
eliu	10	
pherezæum	10	
samma	10	
eleazaro	10	
agag	10	
dathan	10	
jeroham	10	
machmas	10	
jesse	10	
ammiud	10	
martha	10	
philisthæi	10	
topheth	10	
cyri	10	
melchisedech	10	
gessen	10	
elioënai	10	
segor	10	
idumæam	10	
eliel	10	
ennom	10	
idumææ	10	
zebedæi	10	
zambri	10	
sidonis	10	
ziph	10	
cyrus	10	
theman	10	
abiron	10	
naas	10	
thabor	10	
ptolemaidam	10	
semeia	10	
sodomam	10	
isaar	9	
ozi	9	
neriæ	9	
charmi	9	
sesac	9	
menelaus	9	
nahasson	9	
bosor	9	
salphaad	9	
gaal	9	
cariath	9	
saraa	9	
emmer	9	
musi	9	
enacim	9	
reblatha	9	
hevæi	9	
maasia	9	
ethan	9	
phassur	9	
jerameel	9	
jobab	9	
barachiæ	9	
modin	9	
hethæus	9	
maasiæ	9	
banaiam	9	
samuelis	9	
soccoth	9	
lia	9	
rabbath	9	
michæam	9	
ornan	9	
ethai	9	
jason	9	
ophir	9	
maresa	9	
rahab	9	
enan	9	
raphaël	9	
ceilam	9	
mardochæo	8	
zare	8	
rabsaces	8	
zabad	8	
aphec	8	
rahuel	8	
aran	8	
gomorrhæ	8	
jehus	8	
zachur	8	
thamna	8	
barabbam	8	
phanuel	8	
joppe	8	
sebeon	8	
accub	8	
gessur	8	
maceda	8	
isaiæ	8	
jethro	8	
lazarus	8	
cedmihel	8	
ciliciæ	8	
saphat	8	
socho	8	
liæ	8	
oolibama	8	
mosoch	8	
melcha	8	
gelboë	8	
cerethi	8	
enac	8	
ahiæ	8	
edrai	8	
bochri	8	
rages	8	
jared	8	yes
eleazarum	8	
amorrhæus	8	
chobar	8	
jozabad	8	
helon	8	
lebna	8	
phaleg	8	
ajalon	8	
oniæ	8	
gedeonis	7	
hananiæ	7	
beseleel	7	
rebeccæ	7	
esron	7	
sepharvaim	7	
oreb	7	
phogor	7	
odollam	7	
elia	7	
gethæi	7	
taphnis	7	
phelethi	7	
seboim	7	
iscariotes	7	
bethaven	7	
debbora	7	
hepher	7	
oza	7	
selemiæ	7	
jebusæus	7	
jezrahelitæ	7	
galgalam	7	
tobia	7	
sennaar	7	
phasga	7	
aod	7	
gamaliel	7	
gomorrham	7	
gorgias	7	
cariathaim	7	
goliath	7	
abiezer	7	
malaleel	7	yes
elnathan	7	
demetrii	7	
achinoam	7	
elon	7	
basemath	7	
jabin	7	
mesopotamiam	7	
beroth	7	
hanania	7	
maon	7	
barnabam	7	
palæstinorum	7	
lotan	7	
sidoniorum	7	
dalila	7	
gessuri	7	
netophathites	7	
cainan	7	yes
thubal	7	
arphad	6	
engaddi	6	
semeiæ	6	
sepher	6	
elimelech	6	
sodomis	6	
pharos	6	
jezraël	6	
idaia	6	
bathuel	6	
jahel	6	
jamin	6	
zeb	6	
memphis	6	
sichimam	6	
joathan	6	
misaël	6	
joahe	6	
azeca	6	
garizim	6	
mathathiæ	6	
abdemelech	6	
thola	6	
bosra	6	
onan	6	
bethuliam	6	
lobna	6	
gomorrha	6	
hus	6	
liam	6	
phadaia	6	
galaadites	6	
othoniel	6	
sophoniam	6	
saræ	6	
elasa	6	
lais	6	
arioch	6	
esthaol	6	
gomer	6	
jechoniam	6	
lazarum	6	
socoth	6	
hebal	6	
jebus	6	
achan	6	
achobor	6	
ophni	6	
elisaphan	6	
banaiæ	6	
darius	6	
jojarib	6	
asel	6	
jasa	6	
melchom	6	
jectan	6	
menelaum	6	
sobna	6	
ochoziam	6	
sephor	6	
ar	6	
achaia	6	
eden	6	yes
zamri	6	
ephra	6	
bebai	6	
pherezæi	6	
eliasaph	6	
dedan	6	
beelphegor	6	
asiongaber	6	
dadan	6	
saraia	6	
charan	6	
timotheo	6	
esdræ	6	
hananias	6	
horma	6	
thahath	6	
gedor	6	
godolias	5	
sarug	5	
phallu	5	
tholmai	5	
jozabed	5	
gihon	5	
asan	5	
medaba	5	
ram	5	
rabba	5	
cornelius	5	
saraiæ	5	
abidan	5	
bethaniam	5	
lysiæ	5	
bonni	5	
sidon	5	
alphæi	5	
sichimorum	5	
bethania	5	
raphidim	5	
salamiel	5	
cethim	5	
machati	5	
asaia	5	
barnaba	5	
jacobo	5	
josiam	5	
bethulia	5	
nicodemus	5	
ptolemæum	5	
apollonius	5	
mathaniæ	5	
eleale	5	
chodorlahomor	5	
lysiam	5	
secheniæ	5	
nahath	5	
nabaioth	5	
athersatha	5	
jerosolyma	5	
abihail	5	
phadassur	5	
recem	5	
ammiel	5	
phegiel	5	
surisaddai	5	
lobni	5	
salmanasar	5	
sidonii	5	
miamin	5	
duel	5	
gabaath	5	
hattus	5	
ascalon	5	
haber	5	
gebbethon	5	
argob	5	
bennui	5	
sunamitidem	5	
ahiezer	5	
nehemiæ	5	
thou	5	
telmon	5	
macelloth	5	
haseroth	5	
epha	5	
manaim	5	
sabama	5	
ahilud	5	
magog	5	
suhites	5	
abisag	5	
jechonias	5	
ceilæ	5	
cinæi	5	
ahohites	5	
idumæus	5	
gazaram	5	
laodiciæ	5	
phua	5	
ziza	5	
jesi	5	
ammisaddai	5	
ephratha	5	
samuele	5	
saron	5	
samaa	5	
bethsaida	5	
mathan	5	
melchisua	5	
bocci	5	
baldad	5	
ochran	5	
noa	5	
gabelum	5	
machabæo	5	
bahurim	5	
joacim	5	
mathania	5	
azmoth	5	
chonenias	5	
namsi	5	
somer	5	
holofernem	5	
disan	5	
amadathi	5	
zebul	5	
elim	5	
salmon	5	
elisur	4	
hasebia	4	
berothitæ	4	
meribbaal	4	
raguelis	4	
palæstinos	4	
rabsacis	4	
abinoëm	4	
serebia	4	
mahath	4	
simeonis	4	
rechabitarum	4	
taneos	4	
maala	4	
jezonias	4	
taphua	4	
mesraim	4	
taphnes	4	
arapha	4	
baala	4	
jesua	4	
amalecites	4	
ceila	4	
sobab	4	
ahimelech	4	
zacharia	4	
samsai	4	
hethæorum	4	
antiocho	4	
ophel	4	
haggith	4	
cenereth	4	
mahalon	4	
saraias	4	
baladan	4	
hegla	4	
guni	4	
melluch	4	
sanir	4	
mardochæi	4	
jarib	4	
respha	4	
ezri	4	
chamaam	4	
godoliæ	4	
jaboc	4	
epher	4	
harim	4	
arbe	4	
rabsacen	4	
saphatia	4	
samir	4	
maasiam	4	
reu	4	
jecsan	4	
raphaia	4	
caiphas	4	
javan	4	
hasabias	4	
barnabæ	4	
cyro	4	
jadihel	4	
stharbuzanai	4	
subaël	4	
rogel	4	
jahath	4	
azgad	4	
saraiam	4	
thogorma	4	
oziam	4	
zanoë	4	
ooliab	4	
asir	4	
apollonium	4	
thecuæ	4	
japhia	4	
odaia	4	
arimathæa	4	
nathinæis	4	
pherezæus	4	
chanaana	4	
mathanias	4	
azaria	4	
bechor	4	
eliachim	4	
uriel	4	
luza	4	
ozam	4	
vagao	4	
phahath	4	
lystram	4	
hanameel	4	
thesbiten	4	
adoniæ	4	
naamathites	4	
gaas	4	
gabriel	4	
jemna	4	
gethremmon	4	
asedoth	4	
phihahiroth	4	
cabseel	4	
azuba	4	
sassabasar	4	
dothain	4	
beelteem	4	
masma	4	
salomith	4	
regma	4	
idumæorum	4	
sibæ	4	
abiasaph	4	
ptolemæo	4	
semiramoth	4	
galgal	4	
jemla	4	
zabdi	4	
semeron	4	
thecue	4	
amelech	4	
ezer	4	
hananeel	4	
banaia	4	
ahaz	4	
oronaim	4	
jamniam	4	
athach	4	
ooliba	4	
pheshur	4	
gerasenorum	4	
jasonis	4	
gozan	4	
thathanai	4	
helles	4	
jaziel	4	
ur	4	
abarim	4	
heliopoleos	4	
jasub	4	
besai	4	
naasson	4	
zabadias	3	
achaiæ	3	
ismaëlis	3	
genthon	3	
lobnam	3	
nehelamiten	3	
buz	3	
zelphæ	3	
leedan	3	
reseph	3	
tryphonem	3	
ziphæi	3	
opher	3	
ebal	3	
aza	3	
machabæum	3	
troadem	3	
geba	3	
jephlat	3	
jeblaam	3	
henadad	3	
ascenez	3	
luzam	3	
zachai	3	
galaaditæ	3	
dabereth	3	
emim	3	
neregel	3	
matthæum	3	
helciam	3	
stephanum	3	
jasone	3	
rachelis	3	
ragau	3	
thamnatha	3	
sechenias	3	
sophoniæ	3	
ecbatanis	3	
ruma	3	
zares	3	
martham	3	
nepheg	3	
esdra	3	
jona	3	
ihelon	3	
bathuelis	3	
havoth	3	
eliphalet	3	
mephaath	3	
thyatiræ	3	
becbecia	3	
amital	3	
apollonii	3	
suph	3	
putiphare	3	
gorgiam	3	
sama	3	
jeser	3	
thelgathphalnasar	3	
ephratam	3	
gabelo	3	
priscilla	3	
joha	3	
iscariotem	3	
adonibezec	3	
jetebatha	3	
tychicus	3	
oolla	3	
sammai	3	
zethua	3	
melchiel	3	
salma	3	
zared	3	
jeboc	3	
hevæus	3	
esdrelon	3	
mamuchan	3	
ailath	3	
ahod	3	
abiel	3	
jaser	3	
enoch	3	
saphatiæ	3	
gamariæ	3	
arachites	3	
gosen	3	
sobochai	3	
selemith	3	
naphis	3	
ptolemaida	3	
jojadam	3	
charcamis	3	
mathanai	3	
beria	3	
semla	3	
galal	3	
galaaditim	3	
azzi	3	
beguai	3	
zabdiel	3	
emmaum	3	
merob	3	
gossem	3	
stephanæ	3	
tyrii	3	
sarasar	3	
elphaal	3	
adiel	3	
oded	3	
hasabiæ	3	
derben	3	
baalgad	3	
gabaonitas	3	
dario	3	
adramelech	3	
holoferne	3	
thanach	3	
ezechia	3	
jerimuth	3	
samua	3	
lysimachum	3	
phul	3	
ptolemæi	3	
azmaveth	3	
selmon	3	
phasea	3	
caathitarum	3	
eman	3	
oboth	3	
cariatharbe	3	
mathusala	3	yes
haroseth	3	
dalaia	3	
galaaditis	3	
xanthici	3	
theglathphalasar	3	
ledan	3	
hasersual	3	
hamul	3	
carnaim	3	
mesopotamiæ	3	
hananiam	3	
eliseo	3	
camuel	3	
gareb	3	
gabaonitæ	3	
joah	3	
thessalonicensium	3	
bethsur	3	
azareel	3	
maraioth	3	
sunamitis	3	
cendebæus	3	
beelsephon	3	
ochozia	3	
zabadia	3	
jara	3	
husathites	3	
segub	3	
abelmehula	3	
semma	3	
philisthæo	3	
balaath	3	
naalol	3	
idumæi	3	
troade	3	
gallim	3	
gaulon	3	
pharathonites	3	
phicol	3	
bethdagon	3	
nahum	3	
jasiel	3	
pherezæis	3	
achisamech	3	
besor	3	
azur	3	
sesan	3	
asemona	3	
godolia	3	
horonites	3	
sobnam	3	
jahaziel	3	
gergesæum	3	
seleuci	3	
phaceia	3	
thebni	3	
sared	3	
asbel	3	
hagla	3	
lystris	3	
merimuth	3	
meza	3	
aseneth	3	
pamphyliam	3	
duma	3	
abiud	3	
suthala	3	
golgotha	3	
gazara	3	
gersam	3	
aristarchus	3	
isaaritis	2	
madaba	2	
phison	2	yes
lydiam	2	
mosollamoth	2	
thamnas	2	
save	2	
machmethath	2	
seon	2	
bethsimoth	2	
geennom	2	
cademoth	2	
joadan	2	
netophathi	2	
gabaonites	2	
gedeoni	2	
nahaliel	2	
semmaa	2	
marimuth	2	
epaphras	2	
gabee	2	
laodicensium	2	
balaan	2	
madai	2	
ezrahitæ	2	
magdalum	2	
chasphiæ	2	
jecmaam	2	
thenac	2	
bamoth	2	
phaltiel	2	
ahiman	2	
gersonni	2	
istob	2	
maviaël	2	yes
cedma	2	
lebana	2	
ailam	2	
matred	2	
corneli	2	
bagathan	2	
bartholomæus	2	
maozim	2	
moseroth	2	
sidoniis	2	
taphuæ	2	
boën	2	
samgar	2	
methca	2	
lysia	2	
sebenia	2	
hethæo	2	
barabbas	2	
arbathites	2	
esthemo	2	
balan	2	
abital	2	
thanac	2	
sual	2	
bezec	2	
jesboc	2	
aracæum	2	
sidoni	2	
mathathiam	2	
michæa	2	
hatipha	2	
buzites	2	
iconio	2	
gabelus	2	
amoc	2	
manahath	2	
thiras	2	
thamnathsare	2	
galaaditidis	2	
semri	2	
jerosolymorum	2	
phadon	2	
samum	2	
gazan	2	
hasupha	2	
cephira	2	
maserephoth	2	
zachæus	2	
hesmona	2	
agabus	2	
geddel	2	
cendebæum	2	
saraim	2	
adaiæ	2	
sostratus	2	
ptolemenses	2	
sabania	2	
hebronitis	2	
mahazioth	2	
bercos	2	
josophat	2	
syenes	2	
jephthaël	2	
johel	2	
barsabas	2	
hebrona	2	
jochabed	2	
zamran	2	
selcha	2	
bacbuc	2	
phunon	2	
eltholad	2	
malasar	2	
mezaab	2	
anath	2	
oduia	2	
ismaëlem	2	
gaher	2	
pharasim	2	
apphaim	2	
bethbera	2	
mellothi	2	
hotham	2	
gilo	2	
salecha	2	
jethrites	2	
madan	2	
jehieli	2	
magdiel	2	
balanan	2	
dalaias	2	
gob	2	
tarsum	2	
thebes	2	
sophereth	2	
jechoniæ	2	
thohu	2	
spartiatarum	2	
gethsemani	2	
romemthiezer	2	
idumæos	2	
adommim	2	
adoniram	2	
meronathites	2	
tubalcain	2	yes
sarephta	2	
sebenias	2	
adoniam	2	
achaici	2	
bethaniæ	2	
ephrem	2	
subuel	2	
riphath	2	
caipham	2	
noëman	2	
esriel	2	
phithon	2	
ozaziu	2	
gezez	2	
salebim	2	
sosipater	2	
dositheus	2	
jambri	2	
helec	2	
lastheni	2	
jezrahelites	2	
jaus	2	
sammua	2	
jassa	2	
genesareth	2	
oollam	2	
gethæum	2	
eliud	2	
sedecia	2	
lydii	2	
bethanath	2	
jasonem	2	
jerusa	2	
jethran	2	
sabaim	2	
abisur	2	
meselemiæ	2	
ælamitæ	2	
bethlehemitem	2	
ceneroth	2	
gaddi	2	
eliaba	2	
hobab	2	
arama	2	
mysiam	2	
cethæa	2	
ijeabarim	2	
hachamoni	2	
merodach	2	
palæstinarum	2	
jechelia	2	
lysimacho	2	
sephama	2	
phochereth	2	
sophach	2	
zamma	2	
zaræ	2	
hamon	2	
selec	2	
mathusaël	2	yes
sesach	2	
ichabod	2	
tharaa	2	
saleph	2	
abimaël	2	
decapoli	2	
jethræus	2	
bethbessen	2	
alamath	2	
jerias	2	
cozbi	2	
gadgad	2	
auran	2	
samueli	2	
maonathi	2	
ozæ	2	
barachias	2	
maacham	2	
nemrim	2	
jairus	2	
holdai	2	
amraphel	2	
badan	2	
rubenitarum	2	
sarabiam	2	
bethnemra	2	
josia	2	
eliatha	2	
naham	2	
arbee	2	
badad	2	
betharan	2	
achim	2	
herodiadem	2	
samri	2	
egla	2	
giblii	2	
zavan	2	
nephtoa	2	
josephum	2	
juchal	2	
assurim	2	
melchi	2	
bagatha	2	
amorrhæo	2	
mempheos	2	
suni	2	
nicolaitarum	2	
mabsam	2	
caphtorim	2	
eldaa	2	
sirach	2	
eliphaleth	2	
amorrhæos	2	
philisthæa	2	
saphatias	2	
saaph	2	
cinæus	2	
laisa	2	
bethiesimoth	2	
ararites	2	
jezer	2	
galgalæ	2	
ressa	2	
magdalo	2	
athaliæ	2	
isaia	2	
esthon	2	
matthana	2	
zebedia	2	
mathusalam	2	yes
josabeth	2	
iconii	2	
asahel	2	
gomorrhæorum	2	
hul	2	
asarmoth	2	
ismahelites	2	
philadelphiæ	2	
jebahar	2	
benennom	2	
jeriau	2	
rebmag	2	
tarso	2	
simmaa	2	
seor	2	
jezoniam	2	
munim	2	
tychicum	2	
ptolemaidis	2	
phalaia	2	
masphe	2	
genubath	2	
zethan	2	
thecua	2	
rohobia	2	
ahiud	2	
evilmerodach	2	
hemath	2	
ludim	2	
joarib	2	
sobach	2	
siaa	2	
thanehumeth	2	
misaëli	2	
idumæum	2	
harhur	2	
phatures	2	
phenennæ	2	
gedorem	2	
jamniæ	2	
helmondeblathaim	2	
rogelim	2	
mathatha	2	
thomam	2	
senaa	2	
sisamoi	2	
hagaba	2	
hesronitarum	2	
priapi	2	
gathan	2	
jeddoa	2	
idaiæ	2	
omar	2	
eliphalu	2	
sephoram	2	
bethphage	2	
berothites	2	
gethaim	2	
cholhoza	2	
eliakim	2	
cesion	2	
thecueni	2	
engannim	2	
cappadociæ	2	
gnidum	2	
sachar	2	
ezriel	2	
meetabel	2	
eldad	2	
samaias	2	
maachathi	2	
baalpharasim	2	
lud	2	
mahida	2	
phetrusim	2	
maasias	2	
galaaditarum	2	
bethzacharam	2	
elamitarum	2	
samaræum	2	
eliphelet	2	
helem	2	
maharai	2	
aristarcho	2	
mageth	2	
sobai	2	
zebedæo	2	
sihor	2	
osaiæ	2	
thelharsa	2	
tharaca	2	
phau	2	
jacan	2	
tob	2	
madon	2	
jegbaa	2	
nesroch	2	
salim	2	
bethsaidam	2	
amorrhæis	2	
geddelthi	2	
zechur	2	
barachel	2	
raguelem	2	
sisai	2	
salomi	2	
hatil	2	
achar	2	
mabsar	2	
ophlal	2	
tabitha	2	
jedihel	2	
phathures	2	
nathinæos	2	
beelmeon	2	
apheca	2	
ramesse	2	
banaa	2	
hethæis	2	
almath	2	
matthæus	2	
leheth	2	
maceloth	2	
heled	2	
netupha	2	
ramesses	2	
asarhaddon	2	
hethalon	2	
begoai	2	
palæstini	2	
sabarim	2	
masal	2	
rohoboth	2	
trophimum	2	
amalech	2	
theophile	2	
chusan	2	
laabim	2	
hareph	2	
gehon	2	yes
salemoth	2	
gamarias	2	
ozia	2	
phinon	2	
jedaia	2	
thares	2	
phahathmoab	2	
spartiatas	2	
jacim	2	
jechonia	2	
mathiam	2	
magron	2	
elisamæ	2	
jebusæis	2	
zareitarum	2	
araba	2	
harbona	2	
oolibam	2	
daphca	2	
decla	2	
orpha	2	
pamphyliæ	2	
rasathaim	2	
gether	2	
stephano	2	
lyddæ	2	
ismaëlitis	2	
carnion	2	
loth	2	
thesbites	2	
rethma	2	
bocciau	2	
masreca	2	
astarthen	2	
bartholomæum	2	
mathat	2	
jesbaam	2	
bocru	2	
bethmaacha	2	
hacupha	2	
zelpham	2	
gineth	2	
athenobius	2	
ephrata	2	
baloth	2	
denaba	2	
caipha	2	
mesezebel	2	
hadrieli	2	
sabatha	2	
othir	2	
sichimis	2	
timothee	2	
meraritarum	2	
onesimo	2	
ulai	2	
halaa	2	
anamim	2	
thadal	2	
galaaditide	2	
asasonthamar	2	
elmodad	2	
themanorum	2	
seleuciam	2	
jada	2	
josephus	2	
semaath	2	
oziau	2	
salome	2	
gothoniel	2	
sephora	2	
onesiphori	2	
elipheleth	2	
raaia	2	
anathothites	2	
numenium	2	
adbeel	2	
rabsares	2	
benejaacan	2	
bethmarchaboth	2	
adonisedec	2	
jecmaan	2	
ismahelis	2	
hir	2	
dodanim	2	
sodomæ	2	
achsaph	2	
nephthalim	2	
azor	2	
gaber	1	
ethanim	1	
avothjair	1	
ausitidis	1	
hurai	1	
barachia	1	
tyrius	1	
jachinitarum	1	
aradon	1	
debora	1	
seirath	1	
septhai	1	
hasebias	1	
posidonium	1	
jerosolymæ	1	
sodomitæ	1	
tabbaoth	1	
bethacharam	1	
admatha	1	
baalmeon	1	
berotha	1	
seleuco	1	
elehanan	1	
messollam	1	
haruphites	1	
ceseleththabor	1	
badacer	1	
thecuath	1	
othni	1	
mitylenen	1	
loomin	1	
helladam	1	
aasbai	1	
sopater	1	
maserei	1	
selemiam	1	
odoviæ	1	
habsaniæ	1	
cabul	1	
memmius	1	
jebnaël	1	
thamnam	1	
saraitæ	1	
maara	1	
horrhæos	1	
lazare	1	
resia	1	
epaphra	1	
bechorath	1	
hapham	1	
benno	1	
myndum	1	
debboram	1	
sennaab	1	
scibboleth	1	
dabri	1	
ahasthari	1	
ozielitas	1	
pheteia	1	
besloth	1	
belsan	1	
esthaolitæ	1	
jesmachias	1	
atha	1	
scythas	1	
helcia	1	
jabel	1	yes
antipatridem	1	
asaële	1	
semmarith	1	
anathothiten	1	
anaharath	1	
izrahia	1	
nathaniam	1	
ozensara	1	
idumæas	1	
dosithei	1	
thochen	1	
somoriam	1	
jehedeia	1	
gabæ	1	
nebahaz	1	
rogommelech	1	
seleucus	1	
zemma	1	
abesan	1	
jemnaitarum	1	
aridatha	1	
saphathia	1	
dalmanutha	1	
gozam	1	
gerzi	1	
joppitæ	1	
samaan	1	
sarsachim	1	
misaam	1	
betharaba	1	
haniel	1	
sabathacha	1	
accaronitæ	1	
hezecia	1	
bethsetta	1	
sabathai	1	
misor	1	
achzib	1	
cenezæo	1	
othei	1	
pheltia	1	
jebusæorum	1	
gilonitem	1	
laad	1	
eumeni	1	
arbatis	1	
rhodocus	1	
homam	1	
sorec	1	
mesphe	1	
cuthæi	1	
cedmonæos	1	
gorgiæ	1	
scythopolitas	1	
noge	1	
asphar	1	
idida	1	
jodaiæ	1	
sephet	1	
barasa	1	
phesdomim	1	
jeseritarum	1	
phaspha	1	
beromi	1	
tharela	1	
eziel	1	
casphin	1	
samaoth	1	
emmaus	1	
abihaiel	1	
olympii	1	
merala	1	
arbellis	1	
gosem	1	
eltheco	1	
sarebias	1	
gergesæi	1	
chorræos	1	
thobiam	1	
jalel	1	
hadaia	1	
doch	1	
cenezæos	1	
berœæ	1	
hasebna	1	
philisthæis	1	
magala	1	
joëzer	1	
phutiel	1	
nethuphathi	1	
phadaiam	1	
helam	1	
semranitarum	1	
lechi	1	
asoth	1	
phatuel	1	
ptolemaidæ	1	
saananim	1	
aristobolo	1	
manahen	1	
sephata	1	
labanath	1	
arbi	1	
bethuliæ	1	
gergesæos	1	
cariathsenna	1	
mochona	1	
phashur	1	
odaiæ	1	
dorymini	1	
mosollamia	1	
phelti	1	
selaitarum	1	
bethphaleth	1	
bared	1	
haba	1	
casaiæ	1	
thehenitarum	1	
emer	1	
jebaniæ	1	
derbeus	1	
adoniamque	1	
olon	1	
pharesitarum	1	
arphasachæi	1	
noadiæ	1	
gazera	1	
lysimachus	1	
odaren	1	
hamathæum	1	
achziba	1	
machathi	1	
mespotamiam	1	
elchanan	1	
thaphsa	1	
armon	1	
carehim	1	
goliæ	1	
ephratæ	1	
abeldomum	1	
machi	1	
dibongad	1	
abigabaon	1	
ezrahita	1	
phadaiæ	1	
samaia	1	
arebba	1	
gamul	1	
suthalaitarum	1	
abdeel	1	
heleph	1	
hodsi	1	
accho	1	
bethpheses	1	
sabæis	1	
matthiam	1	
eleutherum	1	
megbis	1	
josabiæ	1	
rempham	1	
rahelaia	1	
sareda	1	
rohobiæ	1	
jojoda	1	
bethul	1	
senna	1	
elihoreph	1	
jeremiel	1	
remmomphares	1	
josaia	1	
ecbatanam	1	
jegedeliæ	1	
bannui	1	
besecath	1	
onia	1	
sarebia	1	
arecon	1	
phelelia	1	
benomi	1	
jerosolymitæ	1	
ammihel	1	
sophonias	1	
saban	1	
ahisahar	1	
jebsem	1	
ahazi	1	
jesema	1	
lebaoth	1	
manilius	1	
abran	1	
chidon	1	
gedera	1	
uzal	1	
phaleth	1	
pharida	1	
papho	1	
asarela	1	
bethrapha	1	
mecherathites	1	
halcath	1	
gazabar	1	
sephion	1	
sochoth	1	
zabadiam	1	
omrai	1	
cethlis	1	
uthai	1	
tertullus	1	
hasem	1	
sachacha	1	
agareni	1	
elcanam	1	
machmis	1	
harnapher	1	
gabaathites	1	
japhie	1	
jeraa	1	
jesba	1	
becher	1	
sicyonem	1	
bethgader	1	
odullam	1	
jeta	1	
aila	1	
baalthamar	1	
sosthenem	1	
enon	1	
jemlech	1	
salai	1	
hanniel	1	
addus	1	
oldam	1	
jasi	1	
cosan	1	
jegaal	1	
cinæum	1	
samothraciam	1	
zethar	1	
moos	1	
sennim	1	
adazer	1	
bosphoro	1	
pyrrhi	1	
semeria	1	
maraia	1	
ptolemæis	1	
hasarsuhal	1	
cleophæ	1	
stachyn	1	
tubianæi	1	
raphon	1	
helecitarum	1	
sohoria	1	
eseban	1	
hatitha	1	
gedelias	1	
sohar	1	
raddai	1	
zachæo	1	
thaddæum	1	
hamdan	1	
bartimæus	1	
caphetetha	1	
cyrenensium	1	
jetra	1	
themani	1	
cariathbaal	1	
isuhaia	1	
hasaban	1	
guel	1	
eleph	1	
cyrenensem	1	
syntychen	1	
tabremon	1	
dara	1	
sibam	1	
napheg	1	
sisa	1	
bethiæ	1	
nehiel	1	
hazaëli	1	
jermai	1	
ithai	1	
chelub	1	
tarsensem	1	
hezeciæ	1	
dimona	1	
saber	1	
amona	1	
sareas	1	
syrophœnissa	1	
sephthan	1	
vapsi	1	
noëma	1	yes
helcath	1	
jesiel	1	
accain	1	
jacoba	1	
jeteba	1	
roaga	1	
sosthenes	1	
cutha	1	
pheltias	1	
baalmaon	1	
ephronis	1	
maran	1	
ænnon	1	
maasai	1	
sephonitarum	1	
baalath	1	
bether	1	
ceelatha	1	
holoferni	1	
zabud	1	
jehias	1	
sobec	1	
pharuda	1	
jeddel	1	
azanotthabor	1	
magedan	1	
sareditarum	1	
hammoth	1	
cased	1	
tabeel	1	
oduiæ	1	
moholitæ	1	
pharphar	1	
us	1	
coritis	1	
bascaman	1	
eubulus	1	
semathei	1	
arachitæ	1	
trachonitidis	1	
gederites	1	
gaba	1	
becheritarum	1	
cheleab	1	
hucuca	1	
bethemec	1	
ophra	1	
amathite	1	
thalassar	1	
achsa	1	
almon	1	
bethphelet	1	
melothi	1	
azau	1	
phoratha	1	
judaia	1	
hebri	1	
gezem	1	
gethepher	1	
jethela	1	
phithom	1	
sophan	1	
lysimachi	1	
idox	1	
sarohen	1	
benabinadab	1	
nabusezban	1	
maceniam	1	
ismaëlitæ	1	
zamira	1	
horrhæi	1	
matthaniam	1	
jezrahelitide	1	
soboba	1	
raia	1	
huzal	1	
ozni	1	
rahabia	1	
zarahia	1	
ochozath	1	
nephtuim	1	
balach	1	
ahiramitarum	1	
phelethæos	1	
hirsemes	1	
thaan	1	
jagur	1	
aroditarum	1	
mareth	1	
selim	1	
zabdias	1	
mesphar	1	
hodes	1	
mahir	1	
charchas	1	
resa	1	
menna	1	
mophim	1	
æthopiam	1	
gezonites	1	
hapharaim	1	
ismaëlitas	1	
zabbai	1	
gabbatha	1	
gorgia	1	
elzebad	1	
jeron	1	
jeddua	1	
baalhasor	1	
danna	1	
benhesed	1	
mambres	1	
ammoni	1	
cetthim	1	
etroth	1	
stephani	1	
tubin	1	
sidonium	1	
apharsæi	1	
phelonites	1	
bethmaon	1	
jabniæ	1	
siden	1	
musach	1	
pharisæe	1	
ituræi	1	
noran	1	
caiphæ	1	
misaële	1	
hebronitas	1	
jebaar	1	
chun	1	
gaddel	1	
heseban	1	
blasto	1	
colaia	1	
hosiel	1	
cinæis	1	
asalelphuni	1	
jezraëlites	1	
manahat	1	
mardochai	1	
elezarum	1	
heles	1	
barrabas	1	
holdam	1	
maumam	1	
bosræ	1	
laadan	1	
goatha	1	
bethberai	1	
zelpha	1	
enhasor	1	
madmena	1	
maazia	1	
jezlia	1	
brieitarum	1	
azecha	1	
masobia	1	
haggi	1	
elcanæ	1	
zarai	1	
sidoniæ	1	
saredatha	1	
mosollamith	1	
jedlaph	1	
haromaph	1	
lecum	1	
isreela	1	
zie	1	
phaltias	1	
cananæum	1	
berodach	1	
zaraias	1	
ahialon	1	
nemra	1	
bithyniæ	1	
lamuel	1	
hariph	1	
mesizabel	1	
molathi	1	
jephleti	1	
azaricam	1	
cheliau	1	
hasadian	1	
leheman	1	
jeria	1	
arisai	1	
amathæum	1	
naaratha	1	
mosel	1	
japtheth	1	
razias	1	
jaziz	1	
jezraëlitide	1	
nathanmelech	1	
phermesta	1	
jerioth	1	
happhim	1	
dothan	1	
eleazarus	1	
jerala	1	
hod	1	
sidonias	1	
haseboniæ	1	
jassen	1	
jesbibenob	1	
absolomi	1	
hasor	1	
allon	1	
chub	1	
malalai	1	
agareus	1	
abelmaim	1	
sallem	1	
raamias	1	
bethchar	1	
epaphroditum	1	
berith	1	
cajus	1	
salmona	1	
hasra	1	
gamzo	1	
mohola	1	
samaraim	1	
theodas	1	
themanitem	1	
aaronitis	1	
morasthiten	1	
bethazmoth	1	
sareptam	1	
nahason	1	
gallio	1	
hozai	1	
selebin	1	
samachias	1	
phedaël	1	
bascath	1	
adadremmon	1	
asebaim	1	
lydi	1	
aziza	1	
sabæi	1	
obadia	1	
athanai	1	
jahaddai	1	
machbena	1	
sthur	1	
messalemeth	1	
recen	1	
hevilath	1	yes
cornelio	1	
jobania	1	
thehen	1	
theodotium	1	
cetron	1	
amthar	1	
hadrach	1	
sarthana	1	
saura	1	
sarathi	1	
bethphogor	1	
phallonites	1	
hesli	1	
nebsan	1	
malchus	1	
zaraiam	1	
troglodytæ	1	
jeddo	1	
lyciæ	1	
bethanan	1	
igal	1	
janai	1	
raham	1	
jala	1	
cadumim	1	
jezraëli	1	
gabim	1	
egeus	1	
abitob	1	
pheleth	1	
pharathon	1	
abialbon	1	
hezion	1	
jethrai	1	
azreel	1	
sellemitarum	1	
palæsthinos	1	
jethram	1	
samad	1	
sopher	1	
choneniæ	1	
terphalæi	1	
jud	1	
jecnam	1	
delphon	1	
patrocli	1	
athar	1	
bethanitæ	1	
chanath	1	
darcon	1	
dommim	1	
siha	1	
sothai	1	
sarion	1	
sebnia	1	
pharnach	1	
bethsemes	1	
illel	1	
chabul	1	
meroz	1	
elam	1	
josachar	1	
casluim	1	
ahisar	1	
sophai	1	
banea	1	
sabee	1	
josepho	1	
saarim	1	
macedam	1	
berœam	1	
datheman	1	
nephussim	1	
phut	1	
aphuthei	1	
jesaiæ	1	
bengaber	1	
cinæo	1	
jeruel	1	
aggitarum	1	
siva	1	
antipas	1	
reccath	1	
jaleleel	1	
jalelitarum	1	
abgatha	1	
igaal	1	
jaddo	1	
ramathaimsophim	1	
gador	1	
aslia	1	
hebronitarum	1	
holon	1	
zomzommim	1	
gaddis	1	
jercaam	1	
ethnan	1	
thahas	1	
galatas	1	
nergel	1	
jeseiæ	1	
gader	1	
priscillam	1	
azaël	1	
noadaia	1	
gesan	1	
zabina	1	
lebni	1	
macenias	1	
echaia	1	
jeheziel	1	
thilon	1	
elcesæi	1	
baracha	1	
jethrei	1	
phollathi	1	
naim	1	
ephree	1	
scytha	1	
sochothbenoth	1	
jezraia	1	
jediel	1	
bacenoris	1	
elymaidem	1	
sethri	1	
betonim	1	
cenneroth	1	
pheleia	1	
jecemia	1	
decapoleos	1	
hon	1	
cenezæum	1	
ophaz	1	
thebath	1	
nachon	1	
cyrino	1	
gezeron	1	
chebron	1	
calubi	1	
lysania	1	
timonem	1	
barad	1	
deblatha	1	
thanathselo	1	
basaiæ	1	
gebal	1	
jadason	1	
tharana	1	
hupham	1	
semron	1	
gabaonitarum	1	
apharsathachæi	1	
jephtha	1	
pharsandatha	1	
ismahelitæ	1	
sephei	1	
rachal	1	
hethæos	1	
sarvia	1	
elthece	1	
masaloth	1	
aphses	1	
aziam	1	
besur	1	
elad	1	
aristoboli	1	
hethæas	1	
elioda	1	
haggia	1	
pentapolim	1	
asiel	1	
egei	1	
jemai	1	
serug	1	
gennæi	1	
gergezæus	1	
jespham	1	
chanaanitidis	1	
zarahiæ	1	
baziothia	1	
urai	1	
mathusale	1	
masia	1	
chananitidis	1	
boses	1	
gunitarum	1	
hagab	1	
linus	1	
hezir	1	
neapolim	1	
senneser	1	
sobbochai	1	
thamnan	1	
tophel	1	
zarehe	1	
phuth	1	
nophe	1	
axaph	1	
meltias	1	
jectehel	1	
jezerites	1	
bethlebaoth	1	
sarathasar	1	
cerethæos	1	
callisthenem	1	
jarim	1	
romathites	1	
anim	1	
bennoi	1	
mephaat	1	
carthaginenses	1	
saphira	1	
rinna	1	
melchiram	1	
asyncritum	1	
sares	1	
armoni	1	
thomæ	1	
daphnim	1	
nesib	1	
mobonnai	1	
saharaim	1	
joran	1	
soha	1	
sephatia	1	
beon	1	
gabaonitis	1	
armagedon	1	
zachæe	1	
salumith	1	
abilinæ	1	
maoch	1	
emona	1	
apphus	1	
pamphylia	1	
sethar	1	
cateth	1	
baninu	1	
jahelel	1	
rabboth	1	
lacedæmonas	1	
mennith	1	
apollonio	1	
hamram	1	
michea	1	
thamnathæi	1	
jethnam	1	
machbanai	1	
trophimus	1	
josa	1	
badaias	1	
recha	1	
thamnath	1	
cenezæus	1	
thyatirenorum	1	
laada	1	
saal	1	
ozriel	1	
sotai	1	
remmono	1	
hermoniim	1	
hucac	1	
eutychus	1	
demophon	1	
gallione	1	
asnaa	1	
siaha	1	
jedei	1	
siza	1	
hoba	1	
jalon	1	
nephath	1	
araas	1	
hasebnia	1	
siloni	1	
tichon	1	
nahamani	1	
ælath	1	
ethbaal	1	
gaderoth	1	
alicarnassum	1	
sabatacha	1	
golan	1	
jezrahelitis	1	
icuthiel	1	
baalsalisa	1	
sichar	1	
nephusim	1	
garmi	1	
amaad	1	
hesro	1	
megphias	1	
galalai	1	
enhadda	1	
jeriel	1	
aggi	1	
heranitarum	1	
melaleel	1	
hathath	1	
ahiecer	1	
jezra	1	
isaari	1	
thecuam	1	
achaiam	1	
baneas	1	
elnaëm	1	
eupolemum	1	
apollyon	1	
jahala	1	
capharsalama	1	
saronæ	1	
thathan	1	
lydda	1	
cretenses	1	
herodiade	1	
gaver	1	
achiman	1	
mede	1	
sehesima	1	
hanathon	1	
jadaia	1	
ængannim	1	
zethu	1	
hazir	1	
ptolemaide	1	
casbon	1	
sephamoth	1	
amizabad	1	
oriona	1	
jethson	1	
gazaræ	1	
astarothcarnaim	1	
tharthac	1	
tyrio	1	
abdiel	1	
rameth	1	
semidaitarum	1	
eliphal	1	
jeconam	1	
elonitarum	1	
jucadam	1	
spartiatæ	1	
josaba	1	
jachan	1	
jairites	1	
hasarsusim	1	
begui	1	
haphsiba	1	
apolloniam	1	
mahol	1	
rabsaci	1	
acrabathane	1	
areli	1	
sarea	1	
semeber	1	
jeddu	1	
philetus	1	
zoheleth	1	
cellon	1	
raphu	1	
nodab	1	
hobia	1	
chebbon	1	
asraël	1	
heberitarum	1	
sellem	1	
jesimon	1	
bezech	1	
simeron	1	
susagazi	1	
henochitarum	1	
tebbath	1	
mahanaim	1	
jethraham	1	
misaëlem	1	
nabuthæi	1	
bendecar	1	
nohestan	1	
sosipatris	1	
ahobban	1	
barach	1	
bean	1	
susanechæi	1	
bamothbaal	1	
boanerges	1	
chali	1	
jezabad	1	
philometoris	1	
elymas	1	
thosaites	1	
odoia	1	
taphsar	1	
baraia	1	
jairi	1	
ahumai	1	
nehemia	1	
gethæus	1	
supham	1	
netophati	1	
mageddon	1	
thopo	1	
jespha	1	
azaz	1	
jarephel	1	
sylvanus	1	
hasersusa	1	
hesrai	1	
pleiadas	1	
tholad	1	
themna	1	
carcaa	1	
sochot	1	
esdram	1	
ubil	1	
racheli	1	
chalanne	1	
lampsaco	1	
helba	1	
ammaum	1	
drusilla	1	
senua	1	
hetthim	1	
jebusæos	1	
jecthel	1	
maai	1	
thiria	1	
thasi	1	
tryphosam	1	
nathania	1	
areopagita	1	
jaasia	1	
ismaëlitarum	1	
gideroth	1	
morasthi	1	
asbai	1	
esaan	1	
selomith	1	
emalchuel	1	
saphon	1	
dalaiæ	1	
buzi	1	
dodau	1	
suaa	1	
chananitide	1	
charsena	1	
jephdaia	1	
carmi	1	
dorda	1	
oholai	1	
casphor	1	
saphatiam	1	
hazia	1	
magdalel	1	
barsaith	1	
lahem	1	
mosobab	1	
apollophanem	1	
azer	1	
thelmela	1	
samarath	1	
menni	1	
chalcol	1	
samsari	1	
mathanites	1	
cin	1	
ozan	1	
jesielitarum	1	
abelsatim	1	
nephi	1	
elzabad	1	
sior	1	
jeseias	1	
arnan	1	
lecha	1	
abaddon	1	
delean	1	
seleph	1	
galatæ	1	
sunitarum	1	
pharatonites	1	
halhul	1	
bauramites	1	
elmelech	1	
meremoth	1	
jasoni	1	
suthula	1	
sarva	1	
meselemia	1	
hermogenes	1	
selemiau	1	
achad	1	
charmitarum	1	
esebon	1	
helisur	1	
noëmanitarum	1	
hyadas	1	
chamaal	1	
sechemitarum	1	
oozam	1	
eseliæ	1	
oholi	1	
dercon	1	
chabri	1	
elmadan	1	
zaram	1	
eccetan	1	
nadabia	1	
suhamitæ	1	
asphenez	1	
helchiæ	1	
athalai	1	
methusale	1	
mehusim	1	
putiphar	1	
gaham	1	
antiochidi	1	
sensenna	1	
philemoni	1	
cheslon	1	
hiel	1	
chasluim	1	
salathi	1	
cappadociam	1	
bethsaidæ	1	
gergezæum	1	
erioch	1	
jorai	1	
sammoth	1	
nicopolim	1	
bethzecha	1	
besluth	1	
michaiæ	1	
ophim	1	
tapheth	1	
thabeel	1	
gortynam	1	
sergio	1	
dedanim	1	
tharsææ	1	
anamelech	1	
jeribai	1	
gebbar	1	
phalthiam	1	
bugæus	1	
cedimoth	1	
molathitæ	1	
jachanan	1	
ilai	1	
jehuel	1	
jezatha	1	
jezeritarum	1	
remon	1	
jasubitarum	1	
jerichontinæ	1	
jethma	1	
azahel	1	
erchuæi	1	
carmelitide	1	
phalluitarum	1	
athaias	1	
pharonites	1	
zephrona	1	
bazatha	1	
belsam	1	
jethraam	1	
thelmala	1	
jubal	1	yes
molchom	1	
zarahi	1	
silonitæ	1	
achimoth	1	
thacasin	1	
barachian	1	
otholia	1	
abenboën	1	
assidæorum	1	
mathaniau	1	
nephthuim	1	
oznitarum	1	
mechmas	1	
ramathan	1	
mahalath	1	
zanoa	1	
josabhesed	1	
tryphone	1	
salmonem	1	
seorim	1	
ezel	1	
bacbacar	1	
estaol	1	
nohaa	1	
sechenia	1	
thymiateria	1	
jesbacassæ	1	
ihelom	1	
hadassa	1	
gallioni	1	
lydos	1	
stephanus	1	
nathinæorum	1	
jedebos	1	
phigellus	1	
dosithæus	1	
tehinna	1	
zipha	1	
arius	1	
beten	1	
melchielitarum	1	
jojade	1	
ahoë	1	
thelassar	1	
adithaim	1	
ramath	1	
haddan	1	
suphamitarum	1	
nicolaum	1	
sammaa	1	
agarei	1	
jadon	1	
mapsam	1	
jaramoth	1	
moadiæ	1	
sepham	1	
caathitæ	1	
pheldas	1	
semlai	1	
raphaiam	1	
heran	1	
hassemon	1	
menelao	1	
zoom	1	
selethai	1	
josphiæ	1	
magdalgad	1	
nohesta	1	
chaselon	1	
laël	1	
hepheritarum	1	
merrhæ	1	
hebroni	1	
omra	1	
babel	1	
alcimo	1	
daphnem	1	
thapsam	1	
mejarcon	1	
araia	1	
elisaphat	1	
tiberiade	1	
chalal	1	
geddiel	1	
jebneel	1	
neceb	1	
phenenna	1	
scytharum	1	
tryphonis	1	
misphat	1	
tholaitarum	1	
joëd	1	
sarepta	1	
haccus	1	
philometorem	1	
jersia	1	
asenaphar	1	
ahinadab	1	
tertullo	1	
pharai	1	
ciliciam	1	
chelmon	1	
sichimitis	1	
achazib	1	
athenobium	1	
accus	1	
masepha	1	
gederothaim	1	
mechnedebai	1	
sephela	1	
philippenses	1	
debbaseth	1	
lydan	1	
tebbaoth	1	
amphipolim	1	
selahi	1	
esbon	1	
zuzim	1	
machiritarum	1	
apellen	1	
lahela	1	
pigmæi	1	
thalassa	1	
asaiæ	1	
gebbai	1	
chelmad	1	
ariarathi	1	
heddai	1	
suriel	1	
amsi	1	
jeabarim	1	
semer	1	
meddin	1	
simeonitis	1	
asergadda	1	
asmodæus	1	
berœensis	1	
zenam	1	
baalberit	1	
phlegontem	1	
benzoheth	1	
benhur	1	
gazenses	1	
ajon	1	
thessalonicensi	1	
eleutherus	1	
lyciam	1	
timothei	1	
eupolemi	1	
joppitas	1	
phrygem	1	
debelaim	1	
michaia	1	
pherezæos	1	
mespharath	1	
jesbacassa	1	
jathanaël	1	
gaspha	1	
sephaath	1	
lebona	1	
hasbadana	1	
absalomi	1	
lapidoth	1	
hasabia	1	
solomon	1	
debera	1	
chloës	1	
tryphænam	1	
abelam	1	
ohol	1	
loide	1	
bosran	1	
philometore	1	
jadias	1	
etheel	1	
anan	1	
abelmagnum	1	
nephthar	1	
bethacarem	1	
zabadæi	1	
zebida	1	
anathotites	1	
accaronitas	1	
thaddæus	1	
esdrim	1	
saphathiam	1	
gethæos	1	
sebeniæ	1	
selmai	1	
huphamitarum	1	
zacher	1	
dinæi	1	
hamuel	1	
nephthalitibus	1	
mallotas	1	
asrielitarum	1	
edema	1	
pharurim	1	
suhamitarum	1	
mnesthei	1	
sanan	1	
abiæ	1	
athmatha	1	
adan	1	
maadi	1	
nopheth	1	
rebeccam	1	
carthan	1	
metabeel	1	
salu	1	
jamra	1	
nagge	1	
pheltiam	1	
beselam	1	
tharsenses	1	
epaphrodito	1	
tanim	1	
phalel	1	
jerosolymita	1	
phathathia	1	
benni	1	
zebedei	1	
ezrihel	1	
cibsaim	1	
azboc	1	
apharsachæi	1	
asbelitarum	1	
mahumites	1	
sephuphan	1	
chalchal	1	
timæi	1	
bezeleel	1	
deblathaim	1	
oham	1	
hoppha	1	
ascalonitas	1	
characa	1	
bethanoth	1	
dessau	1	
mibahar	1	
jogli	1	
eliasub	1	
putiphari	1	
belma	1	
cesil	1	
dalaiau	1	
anathothia	1	
benhail	1	
helci	1	
sibboleth	1	
semegarnabu	1	
casaloth	1	
cinæos	1	
amma	1	
thamnata	1	
zathan	1	
thara	1	
phasgæ	1	
engallim	1	
astarothites	1	
joëla	1	
epænetum	1	
celaia	1	
phathahia	1	
ismiel	1	
tani	1	
arach	1	
semran	1	
ramathlechi	1	
bosram	1	
arachiten	1	
eltecon	1	
maaziau	1	
messal	1	
razon	1	
hatita	1	
esna	1	
phosech	1	
gadditis	1	
aphonites	1	
tharthan	1	
ezrel	1	
thobadoniam	1	
gabathon	1	
lamuelis	1	
menelai	1	
saronites	1	
lydia	1	
esphatha	1	
thoma	1	
adonidem	1	
gaderothites	1	
zoheth	1	
bethgamul	1	
camon	1	
hezeci	1	
bithyniam	1	
asriel	1	
jesaaritas	1	
merome	1	
sebethai	1	
nehelescol	1	
ozihelitis	1	
phataia	1	
nabuthæos	1	
aruboth	1	
milicho	1	
phuaitarum	1	
jalaleel	1	
gezer	1	
michææ	1	
ezeciæ	1	
chadæorum	1	
nahabi	1	
mochori	1	
jesaar	1	
enaim	1	
maasiæque	1	
baaliada	1	
gurbaal	1	
cleophas	1	
reema	1	
laomim	1	
